,Zone,Flight,Station_ME,ERA5_ME,Station_MAE,ERA5_MAE
0,Med,Alona_11.11.19_1100_2,3.1797605641179225,0.41906100314290573,3.9687228961033236,2.751789106011141
1,Med,Alona_12.9.19_1600_4,1.1317493560324852,-3.052681021953334,3.2550095983472973,4.018289712487397
2,Des,Zeelim_23.9.19_1410_3,-3.4515636136243946,-14.34593974378396,3.728830917835887,14.34593974378396
3,Med,Alona_2.7.19_1340_3,-3.4732074277432954,-5.0049700154667836,4.636200640522827,5.875887625566058
4,Med,Alona_11.11.19_1450_3,4.58633893473473,3.2605198407711886,4.643670631383184,3.962399317211624
5,Des,Zeelim_29.5.19_1730_5,0.2849391501361207,-5.690654138724454,1.2410465026692108,5.692886359046063
6,Des,Zeelim_18.9.19_0900_1,-3.803347439641648,-16.933079536503975,3.9047754872937763,16.933079536503975
7,Des,Zeelim_31.05.21_1140_4,1.8674529652250826,-8.197499614687729,2.261309332669695,8.197504239961454
8,Des,Zeelim_30.5.19_0630_1,1.970226842441704,-10.182273315303632,2.028726463087276,10.182273315303632
9,Des,Zeelim_30.1.20_0950_2,0.7533807084383825,-9.727507719897998,0.95623288245587,9.727507719897998
10,Med,Alona_13.12.20_0840_5,3.0810851027266275,3.1004701900009373,3.0815889981994182,3.1049531586723416
11,Med,Alona_25.11.19_0750_2,0.517519210248393,-3.122385585726186,1.2116424752339432,3.1233779466894314
12,Des,Mishmar_30.7.19_0500_2,-5.021734083182698,-7.426115797819734,5.02446672028177,7.426115797819734
13,Med,Alona_5.6.19_1230_5,-3.0424466034742346,-5.585935889341324,5.533304182711865,6.107476868283591
14,Des,Mishmar_3.3.20_1210_2,-0.004874787266150357,-6.769507432210366,0.9398956924648544,6.773525345213313
15,Med,Alona_5.6.19_1740_1,1.799568047936552,1.4943208696718489,2.0469564862856533,1.6727602864020232
16,Des,Mishmar_30.7.19_0740_3,3.4919016438718025,-5.045489408210516,3.70828503217998,5.045935053056302
17,Med,Alona_13.12.20_0925_5,7.399647645421645,8.615951840661092,7.399647645421645,8.615951840661092
18,Des,Zeelim_30.1.20_1050_1,3.59844918546732,-6.368310101673491,3.6068711803835107,6.368697269637749
19,Des,Zeelim_7.11.19_1100_4,-0.36163631519780365,-9.964563396593892,1.5557880402941937,9.96460461661209
20,Med,Alona_12.9.19_1440_5,-0.9025166299783044,-1.6677727079055882,4.376146487408523,3.9666932644798045
21,Des,Mishmar_12.04.21_1006_1,1.6452664101808099,-12.275528449076116,1.9508311961634457,12.275528449076116
22,Med,Alona_2.7.19_1100_2,-2.1997399011231615,-13.075603258012592,3.6006549506400956,13.07659240892325
23,Med,Alona_2.7.19_0920_1,-1.4851944045986307,-10.830731602521283,3.656031503261749,10.841489245721347
24,Med,Alona_2.7.19_1100_3,-6.072575933049618,-17.5958669288645,6.605501720419677,17.59596693822374
25,Med,Alona_12.9.19_1440_4,1.9150005437415414,0.289756525644905,4.2077417049140315,3.3319153412488602
26,Des,Zeelim_7.11.19_1100_5,-0.9177165421529679,-10.486908759124033,1.9550370258801477,10.487013096217792
27,Med,Alona_13.12.20_0925_4,6.78186261598191,7.113969978210625,6.78186261598191,7.114036673730847
28,Des,Mishmar_30.7.19_0740_2,3.0728822494269337,-5.511233379397212,3.259582125763575,5.511309837936562
29,Des,Mishmar_3.3.20_1210_3,0.04475783726788111,-6.659909415482759,1.6101798155256626,6.679607230791436
30,Des,Zeelim_7.11.19_1550_1,2.481762636414653,-3.264575753119837,2.4894302520345044,3.63648296383478
31,Med,Alona_17.7.19_0900_1,-1.251349011725648,-6.230089614852693,3.5911255372994413,6.3323126210627825
32,Med,Alona_5.6.19_1230_4,-5.270179353669301,-7.8656752825645695,6.443685759291636,8.019015420698617
33,Des,Mishmar_30.7.19_0500_3,-4.334491623191677,-6.256838433029349,4.334806924622336,6.256838433029349
34,Med,Alona_25.11.19_0750_3,0.6268032989015634,-2.817729696594524,1.0528451993196997,2.817788807127403
35,Med,Alona_13.12.20_0840_4,3.5692906534640265,3.7862045188672018,3.5692979700923932,3.786424197754099
36,Des,Zeelim_30.1.20_0950_3,0.6872888909609726,-9.783857157157938,1.054667102604818,9.783857157157938
37,Des,Zeelim_31.05.21_0611_1,3.9830848308913036,4.663069828630573,3.98316680194609,4.663069828630573
38,Des,Zeelim_31.05.21_1140_5,0.42477075324111474,-9.67188539010719,1.8789745879079927,9.67188539010719
39,Des,Zeelim_29.5.19_1730_4,0.9940285503738668,-5.10508837814342,1.2340908739719778,5.112924300365798
40,Med,Alona_2.7.19_1340_2,-4.783211898945903,-6.226438350593641,5.59627939988013,6.8676890724131265
41,Med,Alona_11.11.19_1450_2,4.588343400940934,3.335761795432428,4.661900457614133,4.085498353297826
42,Des,Zeelim_23.9.19_1410_2,-3.1273041146007374,-13.946845324583878,3.5537471420996383,13.946845324583878
43,Med,Alona_12.9.19_1600_5,2.4480619074730807,-1.7896679523082246,3.684052762949517,3.226802538332884
44,Med,Alona_11.11.19_1100_3,2.9582839100295697,0.3964956294158544,3.681109185235443,2.9052302494402693
45,Med,Alona_11.11.19_1100_1,3.5249986424433533,0.823517712013976,4.056666900848311,2.880975305326947
46,Des,Zeelim_18.9.19_0900_2,-5.96517329103787,-18.09121298781495,6.113298388599106,18.09121298781495
47,Med,Alona_25.11.19_0750_1,0.7145831004416608,-2.66399351778628,0.9595850984080537,2.664072128952169
48,Des,Zeelim_30.1.20_0950_1,1.7461852265214288,-8.738244902652037,1.947504744198644,8.738244902652037
49,Des,Zeelim_31.05.21_0611_3,2.0301639983943005,2.3954567208613047,2.0868030680136695,2.3974376703915348
50,Des,Zeelim_30.5.19_0630_2,1.254547441853905,-8.225581004040837,1.4058960535983238,8.225666072399333
51,Des,Zeelim_23.9.19_1510_5,0.024063712634094063,-7.5312208132257465,2.310552173385101,7.531870215218935
52,Des,Mishmar_30.7.19_0500_1,-3.532635139193066,-5.341503388566383,3.53332185748616,5.341503388566383
53,Med,Alona_11.11.19_1550_5,4.5226162801168694,4.463830835155514,4.526196910396869,4.845322014056942
54,Med,Alona_26.2.20_1250_4,2.0748523482219476,2.377290407893401,2.5559830056360013,2.6474366407529795
55,Med,Alona_17.7.19_0900_3,-0.7771050066437689,-5.9760385701271606,2.8115457633527177,6.089012033446865
56,Med,Alona_3.7.19_1750_5,3.3608109089605285,3.489516240368515,3.4506807788889042,3.5213013032101212
57,Des,Zeelim_7.11.19_1550_3,2.0203502465599072,-0.9719566579062607,2.279827043434808,4.5247886243049145
58,Des,Zeelim_31.05.21_1516_5,1.8100609610857497,-5.941142574839056,2.7397689291557685,5.941191871254844
59,Des,Mishmar_3.3.20_1210_1,2.050051834454147,-4.822729284366834,2.6150906919492347,4.999296091279726
60,Des,Zeelim_31.05.21_1805_4,-1.801936256807494,-1.0695009308117664,3.3850025207991266,1.202959225914988
61,Med,Alona_5.6.19_1740_2,1.5282685465731463,1.015329490540803,2.038907766184005,1.4464370999152116
62,Des,Zeelim_30.1.20_1050_2,3.133738033683751,-6.881677309453446,3.138989024997687,6.882589951665719
63,Des,Mishmar_12.04.21_1006_2,6.327632451053009,-9.64300987568035,6.329691580465,9.64300987568035
64,Med,Alona_2.7.19_1100_1,-3.1508044778916235,-13.574672611751152,4.330030595481096,13.576045710990785
65,Med,Alona_2.7.19_0920_2,-0.8432355996860895,-10.767667930749642,3.2360545599547366,10.773532769688632
66,Des,Mishmar_30.7.19_0640_5,2.6100570292717227,-9.862690347382939,2.6242936379902178,9.862690347382939
67,Des,Mishmar_30.7.19_0640_4,1.9149506545078248,-10.806729932819215,1.9709027612669787,10.806729932819215
68,Med,Alona_2.7.19_0920_3,0.026444645503483463,-9.712925301481777,3.127340946484226,9.760337829651409
69,Des,Mishmar_12.04.21_1006_3,6.046734669495588,-10.982411523034548,6.058873353154583,10.982411523034548
70,Des,Zeelim_30.1.20_1050_3,0.9618194295246301,-8.929497250721429,1.1016704998667568,8.929588860194023
71,Med,Alona_5.6.19_1740_3,1.89907876681437,1.6148341456208988,2.295541597470925,1.7740173653522555
72,Des,Mishmar_30.7.19_0740_1,2.0386332317553677,-6.36908418037862,2.1380058068507264,6.36908418037862
73,Des,Zeelim_31.05.21_1805_5,-0.18202791717571573,-0.9767802562831678,3.565423171584504,1.2597245346906627
74,Des,Zeelim_31.05.21_1516_4,1.6602477562926699,-6.031536022935299,2.485875762111864,6.031536022935299
75,Des,Zeelim_7.11.19_1550_2,1.306063370191878,-4.415844113773912,1.8534217058067803,4.975140331598975
76,Med,Alona_3.7.19_1750_4,4.098452811910136,4.298560487314253,4.103455726699407,4.298887601664571
77,Med,Alona_26.2.20_1250_5,0.07479744230574976,0.44600331426976536,2.5368943009428504,2.0054705959099484
78,Med,Alona_17.7.19_0900_2,-0.2597681497335833,-5.563757382022364,3.6644931889390877,5.8335682786447896
79,Med,Alona_11.11.19_1550_4,6.398148987544455,6.891474298714502,6.398155131861384,7.003795793573086
80,Des,Zeelim_23.9.19_1510_4,-2.5829930023715546,-9.213755282750988,3.2476297085466466,9.216030242469582
81,Des,Zeelim_31.05.21_0611_2,4.174636290995385,4.673560869349408,4.174745338179005,4.673561189826444
82,Des,Zeelim_30.5.19_0630_3,2.1571006926488248,-5.225403082754594,2.2393811633856617,5.247164637396446
83,Des,Zeelim_18.9.19_0900_3,-4.539693635866584,-17.10436822579275,4.5525539176247785,17.10436822579275
84,Des,Zeelim_23.9.19_1410_1,-0.13812487066558968,-12.622968415178102,2.3757685756350853,12.622968415178102
85,Med,Alona_11.11.19_1450_1,2.163375987929448,1.8345574622686458,2.962618117110236,3.6782139038150645
86,Med,Alona_2.7.19_1340_1,-3.96977734430124,-5.5908583671648975,4.908833174103046,6.326880323020111
87,Med,Alona_2.7.19_1340_5,-3.1968425726457874,-4.713433501023999,4.257625731046345,5.510901626301985
88,Med,Alona_11.11.19_1450_5,4.855502319290949,3.3999120856084923,5.0885640900829205,4.049099780435542
89,Des,Zeelim_23.9.19_1410_5,-2.1780540710213523,-12.61658095298135,3.4643966157093784,12.61658095298135
90,Med,Alona_12.9.19_1600_2,2.267730813805291,-1.8191943677295652,3.6043114087160646,3.3607324225309343
91,Med,Alona_11.11.19_1100_4,1.444678862993098,-1.0688248132145557,3.597368374388479,3.147609627938489
92,Des,Zeelim_31.05.21_1140_2,1.567656687419662,-8.652038186874012,2.8153561542176466,8.652038186874012
93,Des,Zeelim_29.5.19_1730_3,-0.9316814029288092,-5.57012745048884,1.6862926146556088,5.588105852135197
94,Des,Mishmar_30.7.19_0500_4,-4.7940166778415305,-7.013370527622263,4.794802254514619,7.013370527622263
95,Med,Alona_13.12.20_0840_3,3.3064735576412083,3.3277112245915386,3.3084142285409355,3.3294860436652867
96,Med,Alona_25.11.19_0750_4,0.7210030723710967,-2.612108604061097,1.0159288741115615,2.6121988082440195
97,Des,Zeelim_30.1.20_0950_4,2.856492362607185,-7.603294135496348,2.8783760899861637,7.603294135496348
98,Med,Alona_26.2.20_1250_1,0.6422845696366919,1.2273812665444546,1.9317699871853478,1.931936319573014
99,Med,Alona_5.6.19_1230_3,-6.027343890783363,-8.157467711106662,7.2486339702937,8.427024239609581
100,Des,Zeelim_31.05.21_1805_1,-1.6696198104461497,-0.9673770037889491,3.479293663979809,1.2084117819813012
101,Des,Mishmar_30.7.19_0740_5,1.7034188282898852,-6.712756425412922,2.2766434425011752,6.712758941346519
102,Des,Mishmar_3.3.20_1210_4,1.4248777844907683,-5.409716105683109,1.5432292053636831,5.464354796632106
103,Des,Zeelim_7.11.19_1100_2,1.1685410010268438,-8.84613424853609,1.7883171569707852,8.846472043305253
104,Med,Alona_13.12.20_0925_3,7.6523950380999946,7.237257431309614,7.652926615563891,7.2378252450012575
105,Med,Alona_2.7.19_1100_4,-0.8510961189236224,-12.348616520019775,3.5633300527171756,12.34995131141038
106,Med,Alona_12.9.19_1440_3,-0.8609621181949465,-1.6857405075474128,4.519309080999098,4.15775879592898
107,Med,Alona_12.9.19_1440_2,0.5546997355163804,-0.46940056226322285,4.176659586032161,3.454298951731067
108,Des,Mishmar_30.7.19_0640_1,2.1683039353393507,-10.372504359412565,2.218731436414663,10.372504359412565
109,Med,Alona_2.7.19_1100_5,-1.349635251817896,-15.096311854183122,3.0135227910734295,15.097052297506156
110,Med,Alona_13.12.20_0925_2,6.062143265229795,6.351943920834154,6.062143265229795,6.352275427579898
111,Des,Zeelim_7.11.19_1100_3,0.5627311942058933,-9.259631612050287,1.2875245480030644,9.259642525748891
112,Des,Mishmar_3.3.20_1210_5,2.326449013237659,-4.651614430963051,2.711869568955214,4.770578369700321
113,Des,Zeelim_31.05.21_1516_1,2.1685815534695587,-5.532237275787882,2.864112232125089,5.532543185446545
114,Des,Mishmar_30.7.19_0740_4,3.6944872688770483,-5.038243129372028,3.7104313021548596,5.038243129372028
115,Med,Alona_3.7.19_1750_1,2.7208919776469056,2.9032646878486768,2.870890510123263,2.9760816366394796
116,Med,Alona_5.6.19_1230_2,-4.771708008177313,-7.281985381061772,5.956836748576867,7.505632083512023
117,Des,Zeelim_30.1.20_0950_5,0.23659632445502082,-10.190208939419005,0.7364837467584444,10.190208939419005
118,Med,Alona_25.11.19_0750_5,1.1948353887775605,-3.3314912264503445,1.653281118221284,3.331514046773977
119,Med,Alona_13.12.20_0840_2,4.374644626459984,4.519443656263616,4.374646403999382,4.519551867962092
120,Med,Alona_11.11.19_1550_1,4.617399296497456,5.656000111573041,4.631835606010059,5.978813192787343
121,Des,Zeelim_23.9.19_1510_1,-0.9601695952418213,-8.23229976956909,2.4660438305796,8.234703605651262
122,Des,Mishmar_30.7.19_0500_5,-4.170459850350322,-6.017495676891388,4.173921285205,6.017495676891388
123,Des,Zeelim_29.5.19_1730_2,0.7043536672579392,-5.7157183271223655,1.116056956894137,5.719212157288486
124,Des,Zeelim_31.05.21_1140_3,2.6405990469913942,-8.460363419592435,3.1239383970489585,8.460363419592435
125,Med,Alona_11.11.19_1100_5,2.36894993325657,-0.3504007245442147,3.4460632977274472,3.059035008629492
126,Med,Alona_12.9.19_1600_3,3.811236118091186,-0.7366912754933479,4.297710963605027,2.7479246175031347
127,Des,Zeelim_23.9.19_1410_4,-1.4430808245550728,-12.95043724764582,2.112193762435959,12.95043724764582
128,Med,Alona_2.7.19_1340_4,-4.111175687285139,-5.8365714715732535,5.1540929825416635,6.555350100032464
129,Med,Alona_11.11.19_1450_4,3.0651727371707316,2.7311282989497006,3.360155632554349,3.982572192918759
130,Med,Alona_12.9.19_1600_1,4.082841268147624,-0.5198668936580282,4.382279200528012,2.664202395788866
131,Des,Zeelim_18.9.19_0900_4,-5.708532100502331,-17.994603770434352,5.714645596771759,17.994603770434352
132,Des,Zeelim_31.05.21_1140_1,2.270035711792101,-9.093364046428393,2.9290590114545223,9.093364046428393
133,Med,Alona_11.11.19_1550_3,5.231211850402513,6.1636753960132475,5.233996765955051,6.329273859701206
134,Des,Zeelim_23.9.19_1510_3,-0.6884111492041264,-8.043733568919492,2.4856464468829196,8.084973464567884
135,Des,Zeelim_31.05.21_0611_5,1.2331150616372797,1.8330696491839642,1.331900044126432,1.8429223990961379
136,Des,Zeelim_30.5.19_0630_4,1.773827046963085,-6.411918589375554,1.924015892417921,6.423190509270369
137,Med,Alona_26.2.20_1250_2,0.6344474378540331,0.7479129096634025,2.135588960887742,1.8623003617831924
138,Med,Alona_17.7.19_0900_5,-0.8601427525732174,-5.9396884750908345,3.006863185669614,6.044726113725051
139,Med,Alona_3.7.19_1750_3,3.5694094515898582,3.609724206157226,3.6406753422379796,3.634693824557127
140,Des,Zeelim_7.11.19_1550_5,2.7371869316062716,-0.5195611382115494,2.789436804861002,3.580237795558645
141,Med,Alona_5.6.19_1740_4,1.965886608749095,1.543605780870591,2.271730829168467,1.7792243140171342
142,Des,Zeelim_31.05.21_1805_2,-0.7555366887951367,-0.5805089201914323,3.179960239505763,0.9367914992091008
143,Des,Zeelim_31.05.21_1516_3,0.04345888897971696,-7.676104487881665,2.495374681597661,7.676104487881665
144,Des,Zeelim_7.11.19_1100_1,-1.2671316936135821,-10.94660464527627,2.7781356661160514,10.94738317468748
145,Des,Zeelim_30.1.20_1050_4,1.7362651102055235,-8.23626904283883,1.7851226796258197,8.236370872708191
146,Des,Mishmar_30.7.19_0640_3,1.153814400060135,-11.037629778385382,1.1766605232697205,11.037629778385382
147,Med,Alona_2.7.19_0920_4,-0.8882001322425421,-10.942405948514375,3.3871516026545025,10.951027486310624
148,Des,Mishmar_12.04.21_1006_4,6.025392518745062,-10.678850317239382,6.062851730889571,10.678850317239382
149,Des,Mishmar_12.04.21_1006_5,5.770051074270156,-11.587274638586804,5.858668415764761,11.587274638586804
150,Med,Alona_12.9.19_1440_1,1.4634952340545053,0.6574805946438291,4.314441572711538,3.72012962800526
151,Med,Alona_2.7.19_0920_5,-1.5363078041802118,-12.074601419394842,3.809653586847506,12.100508453626178
152,Des,Mishmar_30.7.19_0640_2,1.3577174365113809,-10.727458117099152,1.3715943113848965,10.727458117099152
153,Des,Zeelim_30.1.20_1050_5,1.771398066721856,-8.242117075032096,1.7923272399032424,8.242620955552061
154,Med,Alona_13.12.20_0925_1,7.93953764383293,6.63618872633964,7.93953764383293,6.638388294031343
155,Des,Zeelim_31.05.21_1516_2,2.7385409967100887,-5.707485511870725,3.2229257735680656,5.707485511870725
156,Des,Zeelim_31.05.21_1805_3,-1.9918765923860071,-1.1515316341553399,4.099562148338773,1.3874945509301109
157,Med,Alona_5.6.19_1740_5,1.8886983148922203,1.3340811025499761,2.2492691646871674,1.64841267548015
158,Des,Zeelim_7.11.19_1550_4,2.124700687636455,-3.2774431621862368,2.2005633606624526,3.5755105592369274
159,Med,Alona_3.7.19_1750_2,3.8787029228236687,4.078589249344143,3.9085725600596093,4.085282403678458
160,Med,Alona_5.6.19_1230_1,-5.291210094935199,-7.6462179579696805,6.617929542512204,7.825655544055243
161,Med,Alona_26.2.20_1250_3,-0.6668701437291015,-0.2389357846331999,1.90631142879987,1.4893881516122587
162,Med,Alona_17.7.19_0900_4,-0.47561488264729684,-5.569269655277444,3.1873440016699903,5.735778745343762
163,Med,Alona_13.12.20_0840_1,4.441808223119866,4.298892239285997,4.441852763739563,4.299076374685873
164,Des,Zeelim_31.05.21_0611_4,1.3069264054621896,1.917968713068661,1.428793527975606,1.9432218804269212
165,Des,Zeelim_30.5.19_0630_5,1.5666237409679586,-7.807050776980227,1.6270179815418018,7.807274154988016
166,Des,Zeelim_23.9.19_1510_2,-1.1173470060722492,-7.910756122539117,1.9757072050972675,7.911027122943256
167,Med,Alona_11.11.19_1550_2,3.935319275968628,4.662444783173112,3.9490622762472722,5.726910077811564
168,Des,Zeelim_29.5.19_1730_1,0.938678051679365,-5.151533987478738,1.683810599490688,5.185341138178253
169,Des,Zeelim_18.9.19_0900_5,-5.078475988854608,-17.72321024812263,5.137446225302238,17.72321024812263
170,Med,Alona_3.7.19_0730_4,1.069561357387896,-2.913140445715214,2.253341925257402,3.2690318977294126
171,Med,Alona_2.7.19_1245_1,-4.140446282637373,-6.113165699394638,5.140054729221156,6.747144550587236
172,Des,Zeelim_18.9.19_1200_4,-4.579140501121944,-14.126521138563167,5.229393365831724,14.126521138563167
173,Des,Zeelim_30.1.20_1350_2,0.5779115105963099,-4.155448492944757,1.7222037564884196,4.291174810663036
174,Des,Zeelim_23.9.19_1730_5,0.4744466679141885,3.022268863403493,1.0622076597839976,3.2286810225586016
175,Des,Zeelim_18.9.19_1300_1,-6.051692963799495,-14.592091763181148,6.122012845154964,14.592091763181148
176,Med,Alona_13.12.20_1554_1,3.038490747643051,13.27968527532136,3.0384910520989217,13.27968527532136
177,Des,Zeelim_31.05.21_0819_1,5.331437900462004,-3.892177761777902,5.335423445645702,3.8958418199584903
178,Des,Zeelim_12.04.21_1118_5,2.684493436330969,-11.615525543881581,3.7308052973907753,11.615525543881581
179,Des,Zeelim_31.05.21_1712_4,2.657590509939039,-3.0612250926318625,3.147994204200555,3.0612250926318625
180,Med,Alona_20.5.19_1040_1,-2.9336290460694983,-12.002017587441284,4.3269243989594806,12.013832848733728
181,Des,Zeelim_30.1.20_1523_4,2.099323187411319,-6.080143934363657,2.7397209348586045,6.080143934363657
182,Med,Alona_28.1.20_0930_1,1.8568478103964592,-2.1683714626541235,2.522038755383259,2.5223276052564154
183,Des,Zeelim_23.9.19_1610_5,0.011446468091467684,-7.671108684764216,2.2148368840985464,7.671585171040664
184,Med,Alona_5.6.19_1600_3,0.21640636583954057,-1.8683984436595438,2.097873139206775,2.97672639809968
185,Des,Zeelim_23.9.19_0610_5,0.2376064849013371,-7.7207452129206136,1.548681354408663,7.7207452129206136
186,Med,Alona_5.6.19_1030_3,-4.806643746515535,-13.367186447572122,6.14145665637865,13.37043671473924
187,Des,Zeelim_29.5.19_1650_2,-0.38972230841770966,-6.185596602184712,1.44321337833653,6.193790323336358
188,Med,Alona_28.1.20_0830_4,2.3087303793988707,-3.3040402069022465,2.714940152170033,3.3429199900107296
189,Des,Zeelim_31.05.21_0924_4,4.2629712115112675,-8.62723318528957,4.279472574930565,8.62723318528957
190,Des,Zeelim_31.05.21_0924_5,5.95741811729091,-7.218545834167301,5.9582016233983035,7.218546706851787
191,Med,Alona_28.1.20_0830_5,2.915103714521613,-2.3865844170118455,3.0850548224721677,2.4145461418154452
192,Des,Zeelim_29.5.19_1650_3,-2.837852930922157,-8.369595594674017,2.932736135951765,8.369927615030834
193,Med,Alona_5.6.19_1030_2,-0.8275462725826487,-10.81033976258584,4.937275183389627,10.817489751509262
194,Des,Zeelim_23.9.19_0610_4,0.9615099872559324,-7.42286736935525,1.8136063807478875,7.42286736935525
195,Med,Alona_5.6.19_1600_2,0.7314428883226455,-1.7837999011208705,2.141345206802731,2.792426815704544
196,Med,Alona_25.11.19_1100_1,-0.16170252535882004,0.7637681150403709,1.749043822593349,2.6512876279026503
197,Des,Zeelim_23.9.19_1610_4,1.129930136438174,-7.410932526686915,1.5924091383526775,7.4128009263828725
198,Des,Zeelim_30.1.20_1523_5,0.875744057201987,-6.561045972655951,1.4536188385060391,6.561045972655951
199,Med,Alona_13.12.20_1415_1,7.022047184737632,12.966224979587983,7.022208751871565,12.966224979587983
200,Des,Zeelim_31.05.21_1712_5,3.4120382608759563,-2.4481644173351094,3.6322323356193573,2.4481644173351094
201,Des,Zeelim_12.04.21_1118_4,3.5496658868813156,-11.874778259911576,4.493063295418312,11.874778259911576
202,Med,Yokneam_04.04.21_0933_1,5.274399292421595,0.2739725260559011,5.28094804628498,2.1211067359722993
203,Des,Zeelim_30.1.20_0810_1,2.207374608741881,-6.056633590352336,2.399263402707253,6.056633590352336
204,Des,Zeelim_23.9.19_1730_4,0.8384543577203778,2.200115562323135,1.0041815067311042,4.259254777952144
205,Des,Zeelim_30.1.20_1350_3,1.1513331853182136,-3.8227252810829024,1.777210464037474,3.959778300428109
206,Des,Zeelim_18.9.19_1200_5,-6.297431820250452,-15.277318651302783,6.413970639987194,15.277318651302783
207,Med,Alona_3.7.19_0730_5,2.0000528945465392,-2.3231303477074494,3.30306620174798,2.987773319877953
208,Med,Alona_2.7.19_1245_2,-4.632258318674326,-6.784676989951063,5.515755280891099,7.367543907923607
209,Des,Zeelim_30.1.20_1350_1,-0.3826089111289166,-5.360383233366527,1.889787322402402,5.567262377495577
210,Med,Alona_2.7.19_1840_5,1.146211832917838,1.0924981931213529,1.4965984266917884,4.019395304975303
211,Des,Zeelim_30.1.20_0810_3,0.7080040473865108,-6.997706514465823,1.712655661505887,6.997706514465823
212,Med,Alona_13.12.20_1554_2,3.67086683237334,14.206278354354607,3.67086683237334,14.206278354354607
213,Des,Zeelim_31.05.21_0819_2,3.0588088483275637,-6.073027744808265,3.113299731128098,6.073027744808265
214,Des,Zeelim_18.9.19_1300_2,-6.261527762956949,-14.726934626192541,6.3955069205736885,14.726934626192541
215,Med,Yokneam_04.04.21_0933_3,13.506447905395088,1.4138528416061389,13.509049658105821,2.318214713503247
216,Med,Alona_25.11.19_0900_5,1.0382725169858047,-2.4816826453411953,1.7496671861708861,3.087060061041679
217,Des,Mishmar_3.3.20_0910_4,0.4873708711802818,-3.6618648150116098,1.4018132636761058,3.809212772629328
218,Med,Alona_13.12.20_1415_3,4.447235085322163,13.224782430089146,4.447639923646118,13.224782430089146
219,Med,Alona_12.9.19_1330_4,-0.30465085051462787,-1.2522666026903349,4.349328760235542,3.798684053611303
220,Med,Alona_20.5.19_1040_2,-2.2474220677337793,-12.64129110796803,4.4017249165775,12.65678785005623
221,Med,Alona_28.1.20_0930_2,2.111931661407417,-1.9530416241587185,2.545992698215598,2.313616729199664
222,Med,Alona_25.11.19_1100_3,-0.2533413605978761,2.066115715220629,2.281508260558053,3.715874215936861
223,Des,Zeelim_23.9.19_0800_5,2.0604002089484577,-8.140646704530072,3.136817793346885,8.151791253305895
224,Des,Zeelim_29.5.19_1650_1,-1.1497344278022938,-7.202511145950427,1.9137994911322587,7.209148399584256
225,Des,Zeelim_23.9.19_0800_4,1.9629754262643444,-8.484539484068412,2.9590634336344634,8.484880276700881
226,Med,Alona_5.6.19_1030_1,-2.187399282411546,-11.238699035531235,4.9402647225952885,11.25038179472485
227,Med,Alona_25.11.19_1100_2,2.1992045170105516,3.8015777394148333,2.566292894973608,4.534657517664497
228,Med,Alona_5.6.19_1600_1,-0.06675264500267261,-2.447618717526574,2.145059370112733,3.1391662383923604
229,Med,Alona_28.1.20_0930_3,2.8144747253339313,-1.330284498607287,3.0163465854501714,2.00261968625981
230,Med,Alona_12.9.19_1330_5,-1.3170552561424278,-2.4101706987467044,4.810431914781159,4.391539301215479
231,Med,Alona_20.5.19_1040_3,-2.24460846207503,-12.365141047675856,4.536174722328734,12.38069902978673
232,Med,Alona_13.12.20_1415_2,6.729869174156221,12.875757150386091,6.730053012892139,12.875757150386091
233,Des,Mishmar_3.3.20_0910_5,3.44143877816965,-0.827088046771145,3.44891708335482,1.6131503218669172
234,Med,Alona_25.11.19_0900_4,1.4382911006550598,-2.3487546435041415,1.805408072080264,3.2403301012204087
235,Med,Yokneam_04.04.21_0933_2,13.867717367278965,4.347324388948934,13.868024298074074,4.414731130102849
236,Des,Zeelim_18.9.19_1300_3,-4.876117377970259,-14.01767514889517,5.070181274060171,14.01767514889517
237,Des,Zeelim_31.05.21_0819_3,4.786283261451529,-5.905934470763923,4.792798406196521,5.905934470763923
238,Med,Alona_13.12.20_1554_3,3.4800690230942903,13.605533568373813,3.4800691708203657,13.605533568373813
239,Des,Zeelim_30.1.20_0810_2,0.9221568496215558,-6.851472508369183,1.8244991815165763,6.851536808851065
240,Med,Alona_2.7.19_1840_4,1.8950787158224218,4.3230296861924895,1.9843210988155937,4.618862444302416
241,Med,Alona_2.7.19_1245_3,-2.0483171465016135,-3.8263438064265776,3.919994577426108,5.117022879799016
242,Des,Zeelim_18.9.19_1200_2,-5.549395048640027,-14.01839588873418,6.005724222376349,14.01839588873418
243,Med,Alona_28.1.20_1700_1,1.5052530775866582,-1.3797948852192061,1.5067524982626308,1.3830547454169113
244,Med,Alona_3.7.19_0730_2,1.6147933885352332,-2.022164096605216,2.5964683863059568,2.583912445329662
245,Des,Zeelim_23.9.19_1730_3,0.7195714354824979,3.52112340063484,0.989975019121518,3.59602297498565
246,Des,Zeelim_30.1.20_1350_4,2.5444596437971683,-3.0259355963758248,3.064771747638724,3.2637227027598157
247,Des,Zeelim_12.04.21_1118_3,2.0605227145249225,-11.872871727391113,3.3237828310369673,11.872871727391113
248,Des,Zeelim_30.1.20_1523_2,0.7776572833402834,-6.883675036052988,2.55540075885021,6.883675036052988
249,Med,Alona_12.9.19_1330_1,0.698906596771014,-0.46018209923870323,4.131950320001285,3.4555075100859494
250,Des,Zeelim_31.05.21_1712_2,3.3881824791740582,-2.868346710860456,3.5515809282440465,2.868346710860456
251,Des,Mishmar_3.3.20_0910_1,1.9997458606099876,-2.327906597914214,2.1809877150127375,2.7288623588399563
252,Med,Alona_5.6.19_1600_5,1.1574320110736422,-0.9219436148375757,2.1840157847345734,2.4506485657365755
253,Des,Zeelim_23.9.19_0610_3,1.1867214511251993,-8.573820350772197,1.4189009843967926,8.573820350772197
254,Des,Zeelim_23.9.19_1610_3,1.0822576185005435,-7.047391258805809,1.9436530516685215,7.087672157626767
255,Med,Alona_5.6.19_1030_5,-3.3682666546189695,-11.815106742561923,5.357016857109525,11.829463822503213
256,Des,Zeelim_31.05.21_0924_2,5.747313950050274,-7.1414471515633435,5.751105332302104,7.1414471515633435
257,Des,Zeelim_29.5.19_1650_4,-1.8405442501998737,-7.5213545602477465,2.2098924043894863,7.521689522182995
258,Med,Alona_28.1.20_0830_2,2.7131199199408162,-2.6302654680865496,3.0029793085268865,2.657413709813051
259,Med,Alona_28.1.20_0830_3,2.961080551567534,-2.5737397953083545,3.076720197944346,2.605439272653565
260,Des,Zeelim_29.5.19_1650_5,-3.474524920137809,-9.186215764217001,3.580314372837137,9.187809908875956
261,Des,Zeelim_31.05.21_0924_3,5.376998768125934,-8.581100403878986,5.390167638156676,8.581100403878986
262,Des,Zeelim_23.9.19_0800_1,2.5818761588175967,-7.246746963850819,3.1034016756083274,7.246777295942073
263,Med,Alona_5.6.19_1030_4,-3.768673100184476,-12.566105625504449,6.067876827552705,12.57142507486171
264,Des,Zeelim_23.9.19_1610_2,1.926142126482045,-6.412900912913549,2.9394192144968185,6.522830683302815
265,Des,Zeelim_23.9.19_0610_2,1.5552510608261796,-7.485105094235108,1.9226453010129358,7.485105094235108
266,Med,Alona_5.6.19_1600_4,-0.22259436769250654,-2.517035918893998,2.25287773285188,3.3950968034725255
267,Des,Zeelim_31.05.21_1712_3,2.923641318516915,-2.868530750182031,3.1808564076778962,2.868530750182031
268,Des,Zeelim_30.1.20_1523_3,0.6424178889309109,-6.463546934254172,1.6127896893213942,6.463992340376172
269,Des,Zeelim_12.04.21_1118_2,3.456301716931037,-11.446150904688157,4.139734467012075,11.446150904688157
270,Med,Alona_25.11.19_0900_1,1.1442151163189895,-2.8275334147682645,1.4628769219371711,3.3425032753277146
271,Des,Zeelim_30.1.20_1350_5,-1.130923531135659,-5.91768041279778,2.38667395765556,6.157808593814671
272,Des,Zeelim_23.9.19_1730_2,1.1606175446625924,5.486620757313805,1.254698156299844,6.144771486409236
273,Med,Alona_2.7.19_1840_1,1.5132497145288586,3.883180285544799,1.676779349429682,4.2515004514827295
274,Med,Alona_3.7.19_0730_3,0.5800300681839813,-3.63599588474782,2.6235673527595633,3.961507829711243
275,Des,Zeelim_18.9.19_1200_3,-4.627268571526859,-14.29893820162337,5.065486621665039,14.29893820162337
276,Med,Alona_28.1.20_1700_2,1.311639874562222,-1.5577801415241,1.324957236600248,1.5615648598705818
277,Med,Alona_2.7.19_1245_4,-4.142587246311887,-5.871697040772025,5.115409845974367,6.519555576288253
278,Des,Zeelim_18.9.19_1200_1,-4.934056447915554,-13.615976265429719,4.978199953885069,13.615976265429719
279,Med,Alona_3.7.19_0730_1,3.1633080634884556,-0.18904501266491908,3.3044626419398697,1.5913711565968407
280,Med,Alona_2.7.19_1840_3,1.5852952013290342,3.360766614864789,1.7414807491220294,3.9534974160836907
281,Des,Zeelim_18.9.19_1300_4,-5.270840826881346,-14.607671924831187,5.508457029358494,14.607671924831187
282,Med,Alona_13.12.20_1554_4,3.156474578632405,13.623942795252953,3.156482533622986,13.623942795252953
283,Des,Zeelim_31.05.21_0819_4,5.026253543352757,-4.469760527863046,5.029905160299765,4.469870697983503
284,Des,Zeelim_30.1.20_0810_5,1.4871648737296117,-6.550777977751938,1.9562259727545646,6.550777977751938
285,Med,Alona_25.11.19_0900_3,1.1483705436904867,-2.3170820082662114,2.0902049218234247,3.2213385277888795
286,Med,Yokneam_04.04.21_0933_5,5.586319437994945,2.333647788549982,5.623262595460715,2.711340238288162
287,Med,Alona_12.9.19_1330_2,0.6573753255921205,-0.48124992644046377,4.4856913446073525,3.7384658540319267
288,Med,Alona_20.5.19_1040_4,-4.032096359455506,-13.066018274585913,5.335852352826351,13.082334518055202
289,Med,Alona_13.12.20_1415_5,4.633954973746698,12.030320370786411,4.6351450279425075,12.030320370786411
290,Des,Zeelim_30.1.20_1523_1,0.9319372879680239,-6.465021271079548,1.4323814053328239,6.465021271079548
291,Des,Mishmar_3.3.20_0910_2,0.9868581864399247,-3.3175969176850186,1.6220062778783584,3.5205103109287488
292,Des,Zeelim_31.05.21_1712_1,2.446199979429402,-3.2655956207453047,2.966572535682155,3.2655956207453047
293,Med,Alona_25.11.19_1100_5,3.138349256905887,5.375041033729187,3.3618548226543283,5.959911824604761
294,Med,Alona_28.1.20_0930_4,1.782610163543336,-2.1215676490078885,2.449842372569767,2.593231330874341
295,Des,Zeelim_23.9.19_0800_3,1.6680767413920017,-8.055622292468907,2.6174169173237374,8.05587990656294
296,Des,Zeelim_31.05.21_0924_1,4.5287480069088435,-9.71276340498198,4.558665739107646,9.71276340498198
297,Med,Alona_28.1.20_0830_1,3.30445449538214,-2.325306761291558,3.38831406291717,2.3673835295140977
298,Des,Zeelim_23.9.19_0800_2,0.7490991487721015,-8.447759208883408,2.6788546598892573,8.448168759074386
299,Med,Alona_28.1.20_0930_5,1.6141652291394448,-2.326406021468766,2.6376616532716683,3.001133957696919
300,Des,Zeelim_23.9.19_0610_1,2.1194825618192334,-7.496928156738508,2.3267047977233757,7.496928156738508
301,Med,Alona_25.11.19_1100_4,0.505368110764991,1.6456954935066948,1.730293504087819,2.90122831455388
302,Des,Zeelim_23.9.19_1610_1,0.6667418079772811,-7.787678346190287,1.5651983783806445,7.796624233601006
303,Des,Mishmar_3.3.20_0910_3,-1.3345711830510703,-5.399240101316892,1.9450341370681241,5.433351868585337
304,Med,Alona_13.12.20_1415_4,4.297863899117101,12.407103962832212,4.297996042350899,12.407103962832212
305,Med,Alona_12.9.19_1330_3,-1.447418691981992,-2.435746899329524,4.764811659023645,4.5698720446385455
306,Med,Alona_20.5.19_1040_5,-1.1456261353494652,-11.475981647506392,4.002099281228543,11.501704438129075
307,Med,Yokneam_04.04.21_0933_4,3.77012713964913,-2.452765507749929,4.126161934303963,2.771201469408115
308,Des,Zeelim_12.04.21_1118_1,3.1503926591472413,-11.378838882465436,3.9232484011837876,11.378838882465436
309,Med,Alona_25.11.19_0900_2,0.6731394986718536,-2.9608629025945423,1.372926004712356,3.3036584127931743
310,Des,Zeelim_31.05.21_0819_5,4.307948258176559,-4.566296297239417,4.463825039270414,4.685577339731646
311,Med,Alona_13.12.20_1554_5,4.139879726291774,14.613067182222558,4.139921433621934,14.613067182222558
312,Med,Alona_2.7.19_1840_2,2.089451710233089,4.380338024239304,2.1323652583489703,4.636341722525138
313,Des,Zeelim_23.9.19_1730_1,1.1489664610292751,5.239671088420273,1.195032082311736,5.282068154951871
314,Med,Alona_2.7.19_1245_5,-5.5500664082541755,-7.514034389875865,6.245027600896221,8.002874654540328
315,Des,Zeelim_18.9.19_1720_5,0.09706229714144361,-13.979682234253564,0.5239882624329237,14.01406866235494
316,Med,Yokneam_04.04.21_1045_5,6.288510897617653,0.04307908977821585,6.6863475644229,4.06113273981867
317,Med,Alona_11.11.19_1250_4,3.997724063495415,0.7386476152951572,4.391359720330533,3.057357148850808
318,Med,Alona_13.12.20_1332_2,5.590062686950682,11.34759042505378,5.590785919169821,11.34759042505378
319,Des,Zeelim_10.05.21_1056_4,3.2550675102508766,-11.012229941324389,4.8820778937118074,11.012229941324389
320,Med,Alona_13.12.20_1502_2,4.2616202803649905,12.064566696179492,4.261867882788577,12.064566696179492
321,Des,Zeelim_31.05.21_0707_1,5.553442875263724,-0.4772273192419563,5.554037460707904,0.7770293985511203
322,Med,Alona_21.9.20_1620_1,6.956455906061781,8.758892207824173,6.959679208682691,8.758894031994895
323,Des,Zeelim_10.05.21_1156_1,1.3121686841237443,-11.647587122887355,3.941277434140072,11.647587122887355
324,Med,Alona_11.11.19_1350_1,2.290308745880436,0.712745760715837,3.1136036518054424,3.107966364269806
325,Des,Zeelim_29.5.19_0830_1,-1.9024092372487633,-7.83057691919726,2.899780499349334,7.831862799008375
326,Des,Mishmar_3.3.20_1410_5,0.7319620649754754,-5.3643523493684695,2.0097482941306155,5.3935625824987135
327,Des,Zeelim_30.1.20_1200_2,2.066176113700396,-5.259042565449202,2.175336524092129,5.26303821122417
328,Med,Alona_11.11.19_1010_5,2.4598002829994305,0.7824491305511746,3.1003515206203085,2.6042374551578353
329,Med,Alona_13.12.20_1236_3,10.894904398854859,14.694568374263254,10.894904398854859,14.694568374263254
330,Med,Alona_13.12.20_1236_2,11.453602091990561,12.327648634978141,11.45377358204581,12.327648634978141
331,Des,Zeelim_31.05.21_1033_1,4.848938405197023,-7.629662654359872,4.974487866924789,7.629662913981732
332,Med,Alona_11.11.19_1010_4,2.546415065922433,0.08597111730488714,3.8642066970201325,2.5759654026280665
333,Des,Mishmar_3.3.20_1510_1,1.0219013067760463,-3.9068759075986947,2.026961999340847,3.91296720012789
334,Des,Mishmar_3.3.20_1320_1,-0.5039176543575034,-6.070848627224093,1.2212577643322629,6.079164413164086
335,Des,Zeelim_30.1.20_1200_3,0.7870492564131212,-6.312295541625568,1.8434477570451449,6.32106997648862
336,Des,Mishmar_3.3.20_1410_4,-0.006499879360481495,-5.342740232246012,1.9305985559883243,5.379675168937648
337,Med,Yokneam_04.04.21_1100_1,7.69396574427154,6.829456676626441,8.013720457891555,7.395061323128186
338,Med,Alona_13.12.20_1502_3,5.131121417560486,12.399733490828911,5.131269811906845,12.399733490828911
339,Des,Zeelim_10.05.21_1056_5,4.7453014652102885,-10.868793453069474,5.781359494805619,10.868793453069474
340,Med,Alona_13.12.20_1332_3,8.713961497993147,12.028547133959668,8.713986278328594,12.028547133959668
341,Med,Alona_11.11.19_1250_5,3.071958904716833,0.12670246347931172,4.194566553836482,3.3308197818916416
342,Med,Yokneam_04.04.21_1045_4,8.215477576456134,-0.7897752837286653,8.314073267930212,3.1861480380347773
343,Des,Zeelim_18.9.19_1720_4,1.1565575542481634,-12.896474951596344,1.1834268365634852,12.995575142053282
344,Med,Alona_13.12.20_1152_5,6.575701316196754,9.19043654327433,6.576376692504019,9.190520998088592
345,Med,Alona_12.9.19_1730_5,2.430082594872212,3.405436423318839,2.463726588367854,4.042907295185604
346,Des,Zeelim_30.5.19_0600_5,3.1105636540761363,-9.075627112053429,3.110944848613272,9.075627112053429
347,Med,Alona_13.12.20_1332_1,5.781412866675326,11.486874097847732,5.781500711719742,11.486874097847732
348,Med,Alona_13.12.20_1502_1,5.913165026931714,12.566594128750616,5.913326666141756,12.566594128750616
349,Med,Alona_21.9.20_1620_2,8.525831971711149,9.845828273862713,8.525831971711149,9.84583216051323
350,Des,Zeelim_31.05.21_0707_2,5.294742921715531,-0.47825381590003313,5.294945379294178,0.7366738428024975
351,Des,Zeelim_23.9.19_0950_5,1.0156142371233343,-13.228690454594885,2.222878780625513,13.228690454594885
352,Med,Alona_12.9.19_1100_5,1.1104441101030422,2.068763407293144,3.4134534939515047,3.9418232668636923
353,Med,Yokneam_04.04.21_1100_3,11.363916316577674,10.616769745585788,11.36753569794461,10.639933007934617
354,Med,Alona_11.11.19_1350_2,4.078541541429301,1.9922277523255671,4.2483846265333325,3.2722200608047936
355,Des,Zeelim_10.05.21_1156_2,1.660042739027415,-11.476980313183473,4.1752639596249,11.476980313183473
356,Des,Zeelim_29.5.19_0830_2,-2.2636897277629826,-8.10893220869718,2.9682827725371697,8.110224970075484
357,Med,Alona_28.1.20_1300_5,1.9369892399265043,4.739995477301162,2.4554752890164693,5.033112738958917
358,Des,Zeelim_30.1.20_1200_1,-0.6272024769119096,-7.431513905413103,2.7051072440962565,7.4443104355420315
359,Des,Mishmar_3.3.20_1320_3,0.29187169236188126,-5.314298248770654,1.8544157269080397,5.408495397807212
360,Des,Mishmar_3.3.20_1510_3,0.6582204390710573,-4.2289032435081815,2.648009814701963,4.313416062157519
361,Des,Zeelim_7.11.19_1030_5,-1.7852883576868488,-10.662415712725437,2.2296389173171476,10.662425050960874
362,Des,Zeelim_31.05.21_1033_3,6.8831891805226375,-5.310872490804249,6.883971824454465,5.311047627627667
363,Des,Zeelim_30.1.20_1300_4,-1.4341527745554796,-11.464676379254508,2.0984511985150207,11.464676379254508
364,Des,Zeelim_30.1.20_1300_5,-3.0248755804350935,-12.937693224800658,3.459713956876129,12.937693224800658
365,Med,Alona_13.12.20_1236_1,7.271385565433168,8.899740405197125,7.287661243682557,8.899797912018306
366,Des,Zeelim_31.05.21_1033_2,5.938767622412336,-7.297462965919373,5.973071843903279,7.298089382930451
367,Des,Mishmar_3.3.20_1510_2,1.2256497899726513,-3.835047516437909,2.2286794849675524,3.8430109877170766
368,Des,Zeelim_7.11.19_1030_4,-2.0837895217956413,-11.075348623579977,2.9998883675631745,11.075362033806142
369,Des,Mishmar_3.3.20_1320_2,-0.43714802112023016,-6.007738855977555,3.222054375180075,6.165486317212901
370,Med,Alona_28.1.20_1300_4,1.8440632930792846,3.9383354547428886,2.134691754202821,4.244506039663877
371,Des,Zeelim_29.5.19_0830_3,-1.5787783488284355,-7.511641449450767,3.0274544761670885,7.528374725720858
372,Des,Zeelim_10.05.21_1156_3,3.192884698399463,-9.754876130639046,4.043323944096503,9.754876130639046
373,Med,Yokneam_04.04.21_1100_2,6.970111531450698,4.496577094186521,7.042728901194123,4.894006781522421
374,Med,Alona_11.11.19_1350_3,4.108154031782114,2.1051848866551297,4.582114408153539,3.518476999975847
375,Med,Alona_12.9.19_1100_4,-0.9174574665300923,0.1631953302869747,3.801133720214217,3.9853680990420197
376,Des,Zeelim_23.9.19_0950_4,0.7417407003078571,-13.089356744192719,2.3249554831461645,13.089357907576634
377,Med,Alona_21.9.20_1620_3,8.02375412100747,9.995991295993957,8.023835159203946,9.995991295993957
378,Des,Zeelim_31.05.21_0707_3,6.8634173336565025,1.8684685113260289,6.863723858129262,2.185954148781723
379,Des,Zeelim_30.5.19_0600_4,3.4681749048424577,-9.037241150443977,3.468494739524555,9.037241150443977
380,Med,Alona_12.9.19_1730_4,2.156260207396464,2.9460448339587413,2.198851011777558,3.649190333176843
381,Med,Alona_13.12.20_1152_4,4.802776583970615,7.463839131336184,4.877598603894803,7.464350181285591
382,Des,Zeelim_18.9.19_1720_3,1.1142877152009099,-11.488573564809165,1.133164188937874,11.61027610789115
383,Med,Alona_13.12.20_1332_4,5.536312501962158,11.07286345037079,5.536382156855113,11.07286345037079
384,Des,Zeelim_10.05.21_1056_2,2.6943258105797674,-9.900455535318681,3.39518442998124,9.900455535318681
385,Med,Yokneam_04.04.21_1045_3,6.771593934642625,-1.1822811595377858,7.278118202849376,3.86311174908591
386,Med,Alona_11.11.19_1250_2,3.037065015715935,-0.11975372095275111,3.6036902675923947,2.90320562869796
387,Med,Alona_13.12.20_1502_4,4.23369734679199,12.428016402680425,4.23377849913918,12.428016402680425
388,Des,Mishmar_3.3.20_1410_3,0.37083952735202763,-5.03140387734346,2.1913501606706003,5.098203389959442
389,Des,Zeelim_30.1.20_1200_4,-0.09019227143228885,-7.1285527066209635,1.1512054376465986,7.129817851002704
390,Med,Alona_11.11.19_1010_3,2.511371392533872,0.8780787661435937,3.304180614113476,2.7060017566166574
391,Med,Alona_13.12.20_1236_5,9.020555046532989,10.035329035326445,9.055283083822836,10.035329035326445
392,Des,Zeelim_30.1.20_1300_1,-1.5784895229075082,-11.564172890311408,2.158659924698237,11.564172890311408
393,Med,Alona_13.12.20_1236_4,6.289670080354011,8.370340271459083,6.361299932741765,8.370531212539976
394,Des,Zeelim_7.11.19_1030_1,-0.1489147508981688,-9.483949694942055,1.3754505526837768,9.483949694942055
395,Med,Alona_11.11.19_1010_2,1.691085759747469,-0.1907056019465508,3.617434096882067,2.895604489992941
396,Des,Zeelim_30.1.20_1200_5,1.684649437966518,-5.707828967334657,1.9766600735803284,5.70964084067391
397,Des,Mishmar_3.3.20_1410_2,-1.1062240663233156,-6.4035054162179454,2.4707484714128634,6.4155082400359325
398,Med,Alona_28.1.20_1300_1,1.345630183340881,3.181440744135058,1.823463716074043,3.592895118863898
399,Med,Alona_12.9.19_1100_1,0.8837832384114652,2.227583761886257,3.466010902667318,4.23208406919856
400,Med,Alona_13.12.20_1502_5,4.535243505657919,13.310305274305962,4.535281016152478,13.310305274305962
401,Med,Alona_11.11.19_1250_3,2.283356014940158,-0.7706974019030369,3.530140240723709,3.0392976370091778
402,Med,Yokneam_04.04.21_1045_2,8.968469854281867,0.08269251735791064,9.010660417826543,3.481955230445952
403,Des,Zeelim_10.05.21_1056_3,3.7553155341587887,-10.678507226586964,4.85206181466706,10.678507226586964
404,Med,Alona_13.12.20_1332_5,4.829415824401437,11.618191594195528,4.82954658598673,11.618191594195528
405,Des,Zeelim_30.5.19_0600_1,3.197053393094227,-8.903206183041107,3.1974114555794855,8.903206183041107
406,Med,Alona_12.9.19_1730_1,1.3190541185784115,1.433826944010075,1.5659799271810488,3.513633758110114
407,Med,Alona_13.12.20_1152_1,7.518763167669961,8.83919746441098,7.5188621918412695,8.83919746441098
408,Des,Zeelim_18.9.19_1720_2,0.4973297950595855,-8.882971893208945,0.7523882601022557,9.40529831919762
409,Med,Alona_13.12.20_1152_3,8.705488162698877,8.282836898507158,8.713485896499504,8.282947403250956
410,Med,Alona_12.9.19_1730_3,1.8217306142005996,2.6673279383395307,1.9455943670621167,3.6283667014993473
411,Des,Zeelim_30.5.19_0600_3,3.2150771362994024,-9.071519395096704,3.2153205733001653,9.071519395096704
412,Med,Alona_11.11.19_1250_1,1.5951630414300084,-1.2908060937738652,3.7108218019387627,3.564712153376438
413,Des,Zeelim_10.05.21_1056_1,3.799675655305676,-10.44116557364937,4.947313403247037,10.44116557364937
414,Des,Zeelim_23.9.19_0950_3,0.8071449216752611,-13.281310212386957,2.11722898117019,13.281310212386957
415,Med,Alona_21.9.20_1620_4,7.5489343052432885,9.782324672993077,7.549861819606757,9.782326493897461
416,Des,Zeelim_31.05.21_0707_4,5.960852064253857,0.17357851262941387,5.960966870173416,1.0243259669304596
417,Des,Zeelim_10.05.21_1156_4,5.017263908432096,-10.441545691675064,5.818609251374717,10.441545691675064
418,Med,Yokneam_04.04.21_1100_5,12.146066428581571,8.287049160985669,12.342621767161054,9.343464936012634
419,Med,Alona_11.11.19_1350_4,1.7288877870528452,0.3237162615494081,3.227375160392555,3.407513517310254
420,Med,Alona_12.9.19_1100_3,-1.1901463202153608,-0.415655771794499,4.027075584475819,4.017052215332252
421,Med,Alona_28.1.20_1300_3,2.6189096475604376,5.35779635469862,2.842142814287302,5.532827472569541
422,Des,Zeelim_29.5.19_0830_4,-2.502856636963333,-8.389513730521054,3.7216143082547744,8.394028301741322
423,Des,Mishmar_3.3.20_1320_5,0.7782877018011792,-4.825751728017129,2.2486016026946243,4.979263424721717
424,Des,Mishmar_3.3.20_1510_5,1.0334908920264962,-3.9502142851644817,2.3707695130542463,3.9547061133378847
425,Des,Zeelim_7.11.19_1030_3,0.06642661940781626,-9.476343958890732,1.2913940524562215,9.476347942843056
426,Des,Zeelim_30.1.20_1300_2,-2.9234599769931457,-13.04629265885358,3.226599299228834,13.04629265885358
427,Des,Zeelim_31.05.21_1033_5,5.784480164621435,-6.538485298988712,5.819738621271975,6.539113222799091
428,Des,Zeelim_31.05.21_1033_4,4.837325930947149,-7.421240601983168,4.859325407733732,7.42132346523856
429,Des,Zeelim_30.1.20_1300_3,-2.629811270022949,-12.475201076073283,3.322994085822043,12.475201076073283
430,Des,Mishmar_3.3.20_1510_4,0.5495696050458744,-4.0129208065169,1.7573322265241085,4.044134801027938
431,Des,Zeelim_7.11.19_1030_2,-0.893125653025936,-10.120179810697316,1.862518147345937,10.120236381749411
432,Med,Alona_11.11.19_1010_1,2.053364023428988,0.2868392197492135,3.1089421431389996,2.66338355913602
433,Des,Mishmar_3.3.20_1320_4,-0.7772984468265492,-6.289932093444293,2.9907134380403324,6.454927624349182
434,Des,Mishmar_3.3.20_1410_1,-0.4491719956856779,-5.617043112084846,1.3972109587241164,5.621507382844268
435,Des,Zeelim_29.5.19_0830_5,-2.1212295521032742,-7.992867839117578,2.5182477087313493,7.993020554788052
436,Med,Alona_28.1.20_1300_2,1.1415555289536863,3.177255641685169,1.8258930863037897,3.66848579419116
437,Med,Alona_12.9.19_1100_2,1.4383371754731051,2.2825103367234436,3.6884262097988496,4.419480787513387
438,Med,Yokneam_04.04.21_1100_4,6.549684053768646,3.6272959521991672,6.962909180598992,4.487451425964838
439,Med,Alona_11.11.19_1350_5,3.6708396732246733,1.854502173861167,4.019289143314524,3.3070731954194383
440,Des,Zeelim_10.05.21_1156_5,3.182436530473997,-10.943576645530667,4.7260203242655265,10.943576645530667
441,Med,Alona_21.9.20_1620_5,7.927156362832126,10.554640866746285,7.92829216207073,10.554640866746285
442,Des,Zeelim_31.05.21_0707_5,7.986980950510861,2.2492665663192213,7.9869834723066875,2.259782126880638
443,Des,Zeelim_23.9.19_0950_2,-0.32415836483086113,-13.403272705600207,3.172062771546432,13.405324188598506
444,Med,Yokneam_04.04.21_1045_1,5.624078252251472,-3.8770977337603867,6.571786691109565,5.7506275640804265
445,Des,Zeelim_18.9.19_1720_1,0.3397802173775693,-14.493867799369356,0.6018730667252246,14.58181445466321
446,Des,Zeelim_30.5.19_0600_2,3.1068552309530704,-9.089863959391524,3.107307705007448,9.089863959391524
447,Med,Alona_12.9.19_1730_2,2.1064618104667017,2.411916125695668,2.1903102076889125,3.6857860177123882
448,Med,Alona_13.12.20_1152_2,7.839183984115681,9.507112590851007,7.8400389273466065,9.50718064357532
449,Med,Alona_28.01.21_1105_4,7.900351503036168,3.478232414593491,7.918146894597575,3.5999538114823286
450,Med,Alona_13.12.20_1110_3,5.0609491155683894,8.596680313316192,5.0609491155683894,8.596794575727898
451,Med,Alona_13.12.20_0722_1,4.940501631921296,3.785848343480396,4.940501631921296,3.785848343480396
452,Des,Zeelim_18.9.19_1400_3,-2.885478619994125,-8.475667099555894,3.281976386893865,8.478504026816886
453,Med,Yokneam_04.04.21_0756_4,5.662377929653128,-0.07391958033955115,5.662377929653128,0.7683928201129837
454,Des,Zeelim_30.1.20_0920_2,1.7724336990049663,-5.964054681571198,3.210799255304722,5.99031204587269
455,Med,Alona_3.7.19_1700_3,1.4128285382086143,-1.4172965610190942,3.18675945402851,3.5423074532009187
456,Des,Zeelim_23.9.19_1700_2,-0.04714271303287829,-7.8667644168285,0.7087431490913543,7.8667644168285
457,Des,Zeelim_23.9.19_0700_2,4.396056953238395,-4.868900079768023,4.427375867223897,4.868952636550002
458,Med,Alona_12.9.19_1200_5,-2.077301084095672,-3.5809551936950488,4.346007696382838,4.809409716573638
459,Des,Mishmar_30.7.19_0820_5,3.7855061476634093,-4.331080772766817,3.836579474342561,4.344308138548512
460,Med,Alona_2.7.19_1642_5,0.32111374834685036,-0.8344296507386544,2.9921394049045587,3.5095979206704815
461,Des,Mishmar_3.3.20_0804_4,1.6364506226401065,-6.661055367642443,1.9510876436821742,6.661055367642443
462,Med,Alona_12.9.19_1650_1,2.621929764825428,0.4323698077384532,2.831719721839724,1.5873433752777655
463,Med,Alona_26.2.20_1430_2,2.340014001229387,0.7156349874676471,2.87634904145086,1.9780254425416832
464,Des,Zeelim_30.1.20_1449_1,0.46628057590535976,-6.264774132528941,1.8188503779669658,6.26822028472132
465,Med,Alona_3.7.19_0930_5,-2.932900279532222,-4.538893321525898,3.6167428025149317,5.044808593935571
466,Des,Zeelim_7.11.19_1640_1,2.5638001429681423,-8.372152612476597,2.593568235495346,10.57848407641497
467,Med,Alona_2.7.19_1522_4,-1.132872944480938,-3.6619901608910634,3.2735784845151827,4.3999681862325
468,Med,Alona_2.7.19_1522_5,-2.1571593056157807,-4.528238774048623,3.7200054960401303,5.494016477802365
469,Des,Zeelim_7.11.19_1310_1,0.7331967944747224,-8.885604919565365,1.3979702649978274,8.88590554288891
470,Med,Alona_3.7.19_0930_4,-4.04494214005387,-5.783241596638661,4.45696918358252,6.0450406427979
471,Med,Alona_26.2.20_1430_3,2.1290127814962623,0.42799965311006927,2.5289766098604036,1.617361428840392
472,Des,Mishmar_3.3.20_0804_5,1.1606480432694675,-7.239934344801723,1.2861877601757898,7.239934344801723
473,Med,Alona_28.1.20_1610_1,1.343934293974078,-1.7586957978280746,1.36771507702432,1.7672623119827093
474,Med,Alona_2.7.19_1642_4,1.1723656227229962,0.5888664491319782,2.8605983598387335,3.14838038666554
475,Des,Mishmar_30.7.19_0820_4,3.294732337304204,-5.211176620194671,4.005850145810468,5.243164040198015
476,Med,Alona_12.9.19_1200_4,0.7410439813714715,-1.0432657225096824,3.905106590301165,3.9133616492491226
477,Des,Zeelim_23.9.19_0700_3,3.066165739900207,-5.741924069100294,3.1629148541693684,5.756903781819894
478,Des,Zeelim_23.9.19_1700_3,-0.616550741048746,-8.178555559020811,0.7518921785534306,8.178555559020811
479,Med,Alona_3.7.19_1700_2,1.1704607416633979,-1.5706797481296508,2.7780106263248916,3.3796263671564195
480,Des,Zeelim_30.1.20_0920_3,2.1303808850165353,-5.996448688212293,2.562239842685981,5.996684754414925
481,Med,Yokneam_04.04.21_0756_5,7.0587222591673555,1.815125583514136,7.059990741533466,2.3385831589153177
482,Med,Alona_28.1.20_0730_1,1.2933219869094534,1.108559891327386,1.3997822004522678,1.1954377334272686
483,Des,Zeelim_18.9.19_1400_2,-2.0970304781771065,-7.792193312379533,2.9767210690153894,7.795404586098066
484,Med,Alona_13.12.20_1110_2,2.3620450777997197,6.842539415695963,2.4449615232399715,6.842596156226853
485,Med,Alona_28.01.21_1105_5,7.03681429243,2.350819643370367,7.126370911869109,2.68133556293864
486,Med,Alona_13.12.20_0722_2,1.543741809030527,0.818336423050649,1.6412787564402063,1.0742530289528291
487,Med,Alona_28.1.20_0730_3,1.1064405411529108,0.9655867108128402,1.2601316810179641,1.0999254730888806
488,Des,Zeelim_30.1.20_0920_1,4.987635151730107,-3.158452780394254,5.027049539554923,3.1845378626092717
489,Des,Mishmar_3.3.20_0710_5,2.1312795656151624,-8.302825304134974,2.2212565058984763,8.302825304134974
490,Des,Zeelim_23.9.19_0700_1,2.5941044196377243,-8.364275984758399,2.730534486423656,8.36546040304278
491,Des,Zeelim_23.9.19_1700_1,-0.26520585858584284,-8.077156367215228,0.785764808773744,8.077156367215228
492,Des,Zeelim_18.9.19_1500_5,-0.6985452501683594,-7.149268322018523,1.9326227223933377,7.159562623795527
493,Med,Alona_28.1.20_1610_3,1.1624284968887768,-2.1068901301713785,1.2467305532168524,2.1123342524814954
494,Med,Alona_11.11.19_1150_4,1.52943812760449,-10.784700625852134,3.474461572961494,10.784772175961539
495,Med,Alona_12.9.19_1650_2,4.447097363696462,2.2905307818857534,4.478744355717875,2.5592022803999734
496,Med,Alona_26.2.20_1430_1,2.9378447763273656,1.4361560937795925,3.2119254103278863,2.1114291634179265
497,Des,Zeelim_7.11.19_1310_3,-1.9827303437189143,-11.089345755863278,3.0767136644552617,11.089473060419756
498,Des,Zeelim_30.1.20_1449_2,1.3679817770761866,-6.849556636401984,2.10021480112019,6.849556636401984
499,Med,Alona_12.9.19_0940_4,1.029423109900673,-5.393201314197556,3.331691994280471,5.530800609320014
500,Des,Zeelim_7.11.19_1640_2,3.2951252348175712,-10.080438348849917,3.303452546724172,10.163743091368005
501,Des,Zeelim_7.11.19_1640_3,3.2509934764829924,-10.469646951277202,3.260111242105073,10.514817129252503
502,Des,Zeelim_7.11.19_1310_2,-0.854271067242282,-10.05439445478951,2.0703140387124104,10.054398632413717
503,Med,Alona_12.9.19_0940_5,-0.6592698375160325,-7.0916291630300705,3.250777698758147,7.145161941852366
504,Des,Zeelim_30.1.20_1449_3,1.7713383430780114,-6.830274739763691,2.3591289663210007,6.830274739763691
505,Med,Alona_12.9.19_1650_3,3.3477501074269442,1.1071140297251334,3.46499701577562,1.82447270788655
506,Med,Alona_11.11.19_1150_5,1.8431172745723559,-7.413372398850333,3.3316496307325054,7.421498509672831
507,Med,Alona_28.1.20_1610_2,1.269473625281712,-2.326681423408723,1.2859566857453133,2.3312019765770353
508,Des,Zeelim_18.9.19_1500_4,0.6788938374211696,-6.371650374135273,1.3369789324925387,6.3776772233922365
509,Des,Mishmar_3.3.20_0710_4,1.8991684690510164,-7.81162729864863,2.2903053348419236,7.81162729864863
510,Med,Alona_3.7.19_1700_1,2.2609714368948954,-0.945127188366487,3.0009438498869865,3.1817770537640993
511,Med,Alona_28.1.20_0730_2,1.0573798288265812,0.7934820122778302,1.1360443800903033,0.8921052852389475
512,Des,Zeelim_18.9.19_1400_1,-3.033344495924774,-8.948280091046897,3.700462046929681,8.975443673191961
513,Med,Alona_13.12.20_0722_3,2.7717667410145355,2.1115441884212967,2.7718579334972713,2.1124633042163268
514,Med,Alona_13.12.20_1110_1,4.466266892791938,8.192168459452022,4.466310107841724,8.19218128581574
515,Med,Alona_13.12.20_1110_5,4.756528834091175,8.58575871048933,4.756529393986176,8.586226032666218
516,Med,Alona_28.01.21_1105_2,6.444231294859934,2.0196332323252424,6.534073066603713,2.375616842573496
517,Des,Zeelim_18.9.19_1400_5,-4.275795681254175,-9.868986227269733,4.430627460364241,9.871319398220693
518,Des,Zeelim_30.1.20_0920_4,5.827681730454714,-2.4009572158092554,5.827814918800236,2.4616890850881705
519,Med,Alona_3.7.19_1700_5,1.6755614052991548,-0.9320784202103164,3.2007333386290844,3.1021165281435756
520,Med,Yokneam_04.04.21_0756_2,7.490823973983106,1.4378776558717925,7.490823973983106,1.5132930070978714
521,Des,Zeelim_23.9.19_0700_4,3.701275058424431,-5.255215431602757,3.787551735323216,5.25526188249018
522,Med,Alona_2.7.19_1642_3,1.7839855037406032,0.8609717446164364,3.0831125570573077,3.0126676483531547
523,Des,Mishmar_30.7.19_0820_3,2.2854212857351954,-6.342531652557832,3.165088142187452,6.361062904595382
524,Med,Alona_12.9.19_1200_3,1.6247098540037046,-0.03051317491782926,3.94275358465161,3.5865287437789517
525,Med,Alona_11.11.19_1150_1,0.902475859621018,-9.804183538814433,3.598991286477462,9.85098853606563
526,Des,Mishmar_3.3.20_0804_2,1.4860154274131565,-6.927103500480661,2.375271902870856,6.927103500480661
527,Med,Alona_26.2.20_1430_4,4.420154776178294,2.9629838433933577,4.486518871999351,3.2701506081677065
528,Med,Alona_2.7.19_1522_2,-1.097278173283043,-3.680780982560027,3.237038719466974,4.899786447033431
529,Med,Alona_12.9.19_0940_1,2.2617081959502316,-4.242878776326256,3.880651343166687,4.576317357456592
530,Med,Alona_3.7.19_0930_3,-1.5579524167769325,-3.2113583391651632,2.7887859465810174,4.193067600602839
531,Med,Alona_3.7.19_0930_2,-3.3672328727985152,-4.974913380919497,3.95154630071338,5.507392298235841
532,Med,Alona_2.7.19_1522_3,-1.8486687789995786,-4.819915004468222,3.8275221701053925,5.858649765171567
533,Med,Alona_26.2.20_1430_5,2.4826788565489424,0.9485500372279757,3.0447223567665995,2.1208140777097797
534,Des,Mishmar_3.3.20_0804_3,1.8839564745119866,-6.700645853090005,2.115642241474944,6.700645853090005
535,Med,Alona_12.9.19_1200_2,-0.24625627075016587,-2.155979254305251,3.932445113641671,4.48848975390345
536,Des,Mishmar_30.7.19_0820_2,1.9715717605913303,-5.53071695481562,2.161419398383168,5.531009454260785
537,Med,Alona_2.7.19_1642_2,0.43554539393687275,-0.9279613938939729,2.6700298027616527,3.439683818900029
538,Des,Zeelim_23.9.19_1700_5,-0.32961440864752,-7.8207696490980565,0.6798367787057753,7.8207696490980565
539,Des,Zeelim_23.9.19_0700_5,4.180421366236641,-5.249046338517049,4.195856823874603,5.249359244283026
540,Des,Mishmar_3.3.20_0710_1,2.5523108197121727,-7.808411111934581,2.602233891570028,7.808411111934581
541,Des,Zeelim_18.9.19_1500_1,0.404052093813882,-6.15502632704116,1.7995263384873788,6.157301432206126
542,Med,Yokneam_04.04.21_0756_3,6.575378671861027,0.8485654572938168,6.575378671861027,1.113076285405001
543,Med,Alona_3.7.19_1700_4,1.910819939716376,-1.3513502160415503,3.194300226642646,3.5443437309876415
544,Des,Zeelim_30.1.20_0920_5,3.8967262567763465,-4.30799467275527,3.8997876574090133,4.309776482337615
545,Des,Zeelim_18.9.19_1400_4,-3.130858430959391,-8.828937885584432,3.3176633856413025,8.830936001113008
546,Med,Alona_28.01.21_1105_3,8.640861320009977,2.645200007837788,8.652569824553785,2.864351613664681
547,Med,Alona_13.12.20_1110_4,7.1961040907812,9.14998662382129,7.19661743740682,9.150212421878086
548,Med,Alona_28.01.21_1105_1,6.301627081223063,2.888456759567962,6.378971657569,3.0705498700464826
549,Med,Alona_13.12.20_0722_4,3.707631547001038,2.985526422956282,3.707631547001038,2.985526422956282
550,Med,Alona_28.1.20_0730_5,1.4745388575181435,1.2416003276268297,1.5097807578998665,1.276573213990137
551,Med,Yokneam_04.04.21_0756_1,6.9942839451714995,0.23085441778163643,6.9942839451714995,0.9711737682587098
552,Des,Zeelim_18.9.19_1500_3,0.9035569684457664,-5.9685986142733976,1.5333570909472833,5.970290797476646
553,Des,Mishmar_3.3.20_0710_3,2.115721410081401,-8.320955519145489,2.203331201103139,8.320955519145489
554,Des,Mishmar_3.3.20_0804_1,0.8312637314951169,-7.141701048990583,1.58531909653929,7.141701048990583
555,Med,Alona_12.9.19_1650_4,3.8449449400908,1.5325491442148504,3.8966290668292785,1.9796158642304222
556,Med,Alona_11.11.19_1150_2,2.265530144061795,-6.425195590973308,3.3653655514802265,6.439457910762825
557,Med,Alona_28.1.20_1610_5,1.4532657441910954,-1.8241651158884622,1.4580411046084036,1.8325352800720127
558,Med,Alona_2.7.19_1522_1,-1.2106625655903758,-4.080736433902688,3.4487594067192138,5.211409277201972
559,Des,Zeelim_7.11.19_1640_4,2.1736256881375438,-6.118320898283214,2.336254669351948,7.351926178222948
560,Des,Zeelim_7.11.19_1310_5,0.45558137397075554,-9.048150837962476,1.6357346417665901,9.048249944668667
561,Med,Alona_12.9.19_0940_2,1.491956977217442,-5.010803600879481,3.444716694227724,5.1970408343164145
562,Des,Zeelim_30.1.20_1449_4,0.6557719965900222,-7.540490287409748,1.4443762134710567,7.540490287409748
563,Des,Zeelim_7.11.19_1310_4,-1.4216716170640702,-10.569468296214975,2.3792706429292463,10.60478128676583
564,Med,Alona_3.7.19_0930_1,-1.4104289064635132,-3.0898311076449487,2.6946989610059,4.001636821726173
565,Des,Zeelim_30.1.20_1449_5,3.001537898770814,-5.955467231169683,3.137387294986456,5.96284737979421
566,Med,Alona_12.9.19_0940_3,2.7087457025107535,-3.389445494834924,3.9218863546686995,3.989361416104251
567,Des,Zeelim_7.11.19_1640_5,2.2354564849808174,-4.559851219222687,2.3929800103919106,7.5957528017907565
568,Med,Alona_28.1.20_1610_4,1.2229235359199953,-1.985941526493272,1.2991650124157321,1.9932893826550777
569,Med,Alona_11.11.19_1150_3,1.6663935140419661,-7.918964991275247,3.1149631440828798,7.919555844293955
570,Med,Alona_12.9.19_1650_5,2.461128108825069,-0.03689581823275325,2.6793160514153693,1.639591266668549
571,Med,Alona_12.9.19_1200_1,0.45235230008081206,-1.1143238671345128,3.7234396783559447,3.645767397845318
572,Med,Alona_2.7.19_1642_1,0.5392245515573594,-0.4241168751509044,2.769212746341251,3.2174772426948737
573,Des,Mishmar_30.7.19_0820_1,4.097653266605646,-3.526485026212277,4.1161729360972945,3.529941813783136
574,Des,Mishmar_3.3.20_0710_2,1.8544073706303457,-7.9445391825378255,2.1840159701764557,7.9445391825378255
575,Des,Zeelim_18.9.19_1500_2,-0.2137514442364805,-6.732918639313057,2.249269534245582,6.738403902932638
576,Med,Alona_28.1.20_0730_4,1.3514889675256767,1.1228943019709559,1.399735074447413,1.175203333514014
577,Med,Alona_13.12.20_0722_5,3.4055454483801326,2.7962511517710387,3.4055468012211074,2.7962569544357225
